timestamp,long_short_ratio,open_interest,funding_rate,close,ema_20,ema_50,rsi_14,macd,macd_signal,atr_14,stoch_k,stoch_d,bb_upper,bb_middle,bb_lower,willr,cci,mfi,obv,vwap_20
2025-10-21 14:44:14.109403+00:00,2.0211,9061177022.1202,2.222e-05,109895.32,108782.93604829843,109145.71498343338,62.45179712344352,-8.016137750237249,-276.98642348615186,659.031344721939,77.43396226415113,65.01587597910752,109606.52135505965,108310.526,107014.53064494034,-22.56603773584887,210.68979401351294,59.64730176356699,3222.5398899999986,108435.61244957501
2025-10-21 15:04:38.767201+00:00,1.9674,9226869502.901228,2.222e-05,111938.14,109279.50767255953,109351.93670995957,72.44957902006843,379.3678757827729,-117.02263386175204,810.213867370009,89.2300911549634,85.75001104125442,111147.3681320151,108626.808,106106.24786798492,-10.769908845036596,283.5265167050106,71.29383959221012,3724.1735499999977,109070.49072295547
2025-10-21 15:34:50.489388+00:00,1.7863,9371449697.612724,2.222e-05,113027.91,109636.51188754776,109501.58849684814,76.67269215759539,623.3794016366592,30.884417267969724,854.0805962941557,94.24466979795481,93.66076608831789,112013.9334676923,108901.3475,105788.7615323077,-5.7553302020451875,257.37761433761136,76.2435656562405,3782.831369999997,109327.3604271093
2025-10-21 16:05:02.217226+00:00,1.6295,9530575985.99,-2.506e-05,113464.53,110001.08544181584,109657.16088981014,78.12005156588435,842.3939944963786,193.18119375974558,829.4059080898635,98.78411135881376,94.08629077057732,112833.76157406959,109175.487,105517.2124259304,-1.215888641186234,206.7541483255265,75.72873460619034,3443.7877699999985,109448.79475042481
2025-10-21 16:35:14.820874+00:00,1.5674,9642219431.026321,-2.506e-05,113765.33,110359.58795131788,109819.4966306099,79.08280830189229,1028.3549894928292,360.17712204673995,791.9465594535474,99.93214347454497,97.65364154377119,113583.24071270885,109468.26400000001,105353.28728729117,-0.06785652545503601,170.79515240067798,75.6149469784455,2717.741389999997,109540.60989972888
2025-10-21 17:05:26.654392+00:00,1.4337,9583998079.9136,-2.506e-05,112660.0,110578.67544251317,109931.14483567949,67.35299820765475,1074.1768179024657,502.9689890183579,834.7161263760323,81.95625057935216,93.55750180423696,113982.78688187238,109699.3635,105415.94011812763,-18.043749420647845,107.7097313081421,74.62655620314641,1944.1010499999984,109689.7077786701
2025-10-21 17:35:39.286902+00:00,1.4655,9592313873.730179,-2.506e-05,112486.27,110760.34478312575,110028.7714679038,65.70430320959477,1084.0462747746642,619.2656474155162,809.2388632098546,78.05444063843005,86.64761156410907,114299.67180272288,109919.3585,105539.04519727713,-21.945559361569952,85.93441209315756,66.90901520922911,1536.5564499999987,109890.28032321678
2025-10-21 18:05:51.063973+00:00,1.4777,9399971213.919,-2.506e-05,112245.88,110901.83684927697,110120.80812932429,63.389855709706666,1060.0680377344688,707.2655360566707,794.6236855480186,73.94343194578178,77.984707721188,114522.81185617598,110139.521,105756.23014382401,-26.056568054218214,67.52383196101738,59.842942397175754,586.3567199999985,110109.9132053066
2025-10-21 18:36:02.834833+00:00,1.5025,9389371672.636854,-2.506e-05,111837.21,110990.93947336273,110196.03309902592,59.54922018452201,996.5110992693517,764.8649879248178,768.9350547955854,66.95459745838812,72.98415668086666,114638.8863144365,110346.59199999999,106054.29768556348,-33.04540254161188,52.36758479642744,58.33705486877555,-71.98863000000057,110216.94182914142
2025-10-21 19:06:14.582250+00:00,1.5349,9400358662.807835,-2.506e-05,112097.54,111096.33256374652,110271.64451644589,61.16259412569731,956.2670005824039,803.1125069254151,732.5482529154003,71.40660832804606,70.76821257740532,114749.77634268957,110562.4345,106375.09265731044,-28.59339167195394,52.13500407534346,55.72647725403579,-654.1362199999992,110309.84654366033
2025-10-21 19:36:26.329301+00:00,1.5543,9348689359.596,-2.506e-05,111763.68,111159.8940795055,110332.0329789308,57.96848464877315,887.1816779413493,819.8671276764927,718.4259675262076,65.69713055389758,68.01944544677725,114773.45590985013,110762.905,106752.35409014986,-34.30286944610243,35.502218954064716,59.58182164233393,-963.3480200000004,110364.83932143425
2025-10-21 20:06:38.065767+00:00,1.5694,9322071505.75,-2.506e-05,111709.13,111212.20977848345,110389.09276575141,57.43994373125388,818.5566617305885,819.5086415697969,681.8587948719694,63.22257624032786,66.7754383740905,114726.38819257921,110966.86850000001,107207.34880742081,-36.77742375967214,30.882633924211845,65.6621451209597,-1199.171609999999,110435.35440158387
2025-10-21 20:19:04.223013+00:00,1.5602,9275437792.334,-2.506e-05,110717.27,111034.80002178074,110312.65014790838,49.76616466996196,695.0692513496178,759.272309608444,843.4726364857592,43.719675902908165,56.57336569941583,114538.46407468869,110869.66700000002,107200.86992531134,-56.280324097091835,7.84418103012946,46.26033919732142,-2623.176149999999,111536.22917022754
2025-10-21 20:49:15.953355+00:00,1.5954,9230726431.9088,-2.506e-05,110942.73,111026.02042854494,110332.87861677675,51.61208021028311,601.2641134853911,727.8119973904916,811.1564451263694,45.327789699570744,50.842782976026456,114495.81856233034,110991.8255,107487.83243766967,-54.672210300429256,-2.2599049798315174,47.079995574257175,-2057.3932499999987,111654.44308638897
2025-10-21 21:19:28.163383+00:00,1.6144,9227619051.365007,-2.506e-05,110890.99,111013.15004063601,110350.55828245822,51.14923671740873,516.8009656245558,685.7424915303238,783.5912296171165,28.371746903568322,39.13973750201574,114407.31826330414,111119.242,107831.16573669585,-71.62825309643168,-9.046777964974089,42.33881734855387,-2228.5361199999993,111693.91147878989
2025-10-21 21:49:39.862531+00:00,1.6281,9137446861.295303,-2.506e-05,110895.48,111001.94394368725,110372.16097837164,51.19018629024071,445.00066072102345,637.5867691580424,765.6745045932965,13.801883046748438,29.167139883295835,114313.70118656484,111235.01550000001,108156.32981343518,-86.19811695325156,-24.07301789349568,35.11557965281686,-2152.5896899999993,111718.36599306435
2025-10-21 22:19:51.597553+00:00,1.6504,9183322140.792,-2.506e-05,110388.6,110943.52680809416,110371.41238605925,46.44829065600459,343.28025104226253,578.7694122519819,769.4681294103644,7.939380807321493,16.70433691921275,114250.44460500608,111298.14450000001,108345.84439499394,-92.0606191926785,-47.33193055100758,22.91847844343384,-2444.99118,111769.56603965403
2025-10-21 22:50:03.319642+00:00,1.7012,9136958949.8,-2.506e-05,109266.56,110783.80555117645,110323.96510528243,38.046789309471414,170.23830504452053,497.19313705517277,865.7503361411011,17.36774481872527,13.036336224265057,114200.09282938567,111321.80249999999,108443.51217061431,-82.63225518127473,-122.11765241294826,10.870512783928802,-3838.06798,111676.62645290478
2025-10-21 23:20:15.048219+00:00,1.7442,9091023905.3772,-2.506e-05,109250.68,110637.79921319293,110284.1602490462,37.941301192801035,31.314025996020064,403.9452482323657,833.7359794366885,17.09052566895702,14.132550431667928,114139.02353338835,111348.1965,108557.36946661166,-82.90947433104299,-123.82000190873495,5.358505621441239,-4399.645840000001,111730.78333681865
2025-10-21 23:50:26.822136+00:00,1.7886,8999308504.172686,-2.506e-05,108547.31,110438.72471916216,110224.06516457701,33.53883667101864,-134.14697884309862,296.0739374143114,860.2967328639969,10.13569502774937,14.864655171810552,114120.23227079408,111354.21300000002,108588.19372920596,-89.86430497225064,-160.85095367116136,5.657574906070295,-5336.9732699999995,111696.18796080371
2025-10-22 00:20:38.588633+00:00,1.8523,8966043741.0352,-4.212e-05,108299.75,110235.01122258404,110147.94372873413,32.12693246540894,-281.8165337704704,180.51660108671396,832.689152974709,5.604984759226733,10.943735151977707,114274.69779569785,111285.2105,108295.72320430215,-94.39501524077326,-159.8862249085776,6.2352144862192915,-5794.632269999998,111763.35785784261
2025-10-22 00:50:50.338886+00:00,1.8752,8910668782.644093,-4.212e-05,108109.88,110032.60090914712,110061.1630139706,31.04862414132053,-409.2903687374783,62.771482018141654,807.427104884856,6.029704170164038,7.256794652380047,114342.84353856665,111082.1785,107821.51346143334,-93.97029582983596,-147.69619348367794,8.937580522749343,-6137.028149999999,111699.44732150623
2025-10-22 01:21:02.069304+00:00,1.9612,8898357282.68656,-4.212e-05,108107.85,109849.2854701257,109982.19262558385,31.037113051518048,-504.7459043280396,-50.65724368104567,782.5232574668531,6.117509406258799,5.917399445216524,114221.54578608337,110838.61200000001,107455.67821391665,-93.8824905937412,-125.84414356107466,19.549281362961565,-6651.6670699999995,111440.04911185734
2025-10-22 01:51:13.791580+00:00,2.0048,8869032572.852777,-4.212e-05,108228.9,109694.91853595234,109895.33923426762,32.712836658772005,-563.7249472093099,-152.69996786340306,748.1373376616418,8.894649903643131,7.013954493355324,113925.74662919294,110578.92650000002,107232.10637080709,-91.10535009635687,-109.25782650035379,24.92007047198578,-5005.726159999999,111199.46682062298
2025-10-22 02:21:25.516086+00:00,2.0931,8882841961.509449,-4.212e-05,108462.22,109577.53638097514,109846.33744673681,35.9330008666937,-585.4559270183818,-239.4782321680102,726.7283548472249,14.853171205388213,9.955110171763382,113465.26570256687,110318.13799999999,107171.01029743311,-85.14682879461179,-84.87069810707781,24.182856018819066,-5532.36757,110987.57544092735
2025-10-22 02:51:37.285450+00:00,2.1114,8842523650.1976,-4.212e-05,108293.03,109455.2054226775,109786.6361931588,34.636499220689075,-609.1852624097955,-313.457891665401,700.7839852045652,11.409243449211052,11.719021519414133,113191.82184615434,110104.4955,107017.16915384567,-88.59075655078895,-80.55293364880096,24.318064703404403,-6212.532220000001,110745.60362842413
2025-10-22 03:21:49.003898+00:00,2.1172,8815491930.163248,-4.212e-05,107922.34,109309.21553235612,109712.42580651338,31.920516072407167,-650.3522405374242,-380.80204174334614,681.6109245530646,2.4814973392867867,9.581303997962019,112921.4712613834,109881.271,106841.07073861659,-97.51850266071321,-87.66609515604019,24.79761374175638,-6644.442970000001,110446.74350481667
2025-10-22 03:52:00.728482+00:00,2.1348,8810550305.20692,-4.212e-05,108170.6,109200.79342661684,109659.06472726895,35.56153137991866,-655.5894204605866,-435.9835527808689,653.4324144957939,10.074010642853032,7.9882504771169565,112658.96840466419,109691.13,106723.29159533582,-89.92598935714697,-75.3243388914407,29.059013554714525,-6555.446459999998,109722.91498078353
2025-10-22 04:22:12.435995+00:00,2.1959,8815574178.867,-4.212e-05,108457.96,109130.06203814331,109617.92004369752,39.59001014632414,-629.2969129959092,-474.83413731387697,633.8640789886473,19.96109793158834,10.838868637909385,112364.51478365269,109522.25249999999,106679.99021634729,-80.03890206841166,-57.353176867329864,32.11739500941681,-6596.563880000001,109359.3220697015
2025-10-22 04:52:24.174883+00:00,2.2342,8827180954.564848,-4.212e-05,108506.62,109070.6868152943,109574.42477212624,40.271409922946695,-597.5211334571941,-499.3742215016099,606.6414514682791,22.36608148215363,17.467063352198323,111983.37013154782,109348.05600000001,106712.7418684522,-77.63391851784637,-47.61319215263234,35.80258693813974,-6678.956909999999,109169.40934628085
2025-10-22 05:22:37.288249+00:00,2.2541,8780784334.065,-4.212e-05,108286.43,108996.0575407326,109549.06322936008,38.159924965664786,-584.0038801939081,-517.0933825338034,594.3240723198388,22.570490008212108,21.632556473984693,111610.44831515201,109176.27949999999,106742.11068484797,-77.4295099917879,-50.605342845896125,35.436661528212184,-7255.698549999999,109041.45529482042
2025-10-22 05:52:48.968216+00:00,2.2573,8763033893.1336,-4.212e-05,108174.97,108917.8549755958,109493.65179215111,37.10620974401358,-575.0832842670206,-528.6432472591705,580.7524865066947,21.875081924236692,22.270551138200812,111149.94283758098,108996.0085,106842.07416241901,-78.1249180757633,-65.82889348177667,39.339235646345415,-8119.966549999999,108881.64190357442
2025-10-22 06:23:00.980336+00:00,2.2744,8768868660.8638,-4.212e-05,108145.99,108844.3602332267,109447.39224053833,36.81745282094854,-564.0480313531007,-535.932066102463,549.8842913400175,23.818603815165872,22.754725249204892,110898.52214056878,108867.44450000001,106836.36685943125,-76.18139618483413,-60.79066755201025,37.720452843026756,-8882.94761,108705.49798544585
2025-10-22 06:53:12.653159+00:00,2.3135,8818674019.969885,-4.212e-05,108037.38,108767.51168083737,109394.82503456197,35.709281779229954,-557.5675933250313,-540.3451999450959,535.3338757815267,23.438190702620684,23.04395881400775,110543.52409194142,108722.177,106900.82990805857,-76.56180929737931,-61.158960217389556,41.488741042710004,-9488.14386,108638.88895465921
2025-10-22 07:23:24.314748+00:00,2.2446,8799994391.807901,-4.212e-05,107865.52,108681.62854319323,109343.32241453165,33.96396692069975,-559.9989229382481,-544.5431124060274,527.6128830063977,23.920390185450664,23.725728234412404,110130.32416789253,108570.90349999999,107011.48283210745,-76.07960981454933,-93.18279304071338,41.71504488788218,-10419.693500000001,108550.26880296922
2025-10-22 07:53:35.936146+00:00,2.2862,8808255031.632002,-4.212e-05,108258.31,108641.31344143754,109301.15916195352,41.03486205520542,-524.0200152277102,-540.4506763330235,520.2874197433053,60.691249847875774,36.016610245315704,109579.68426012537,108439.045,107298.40573987462,-39.308750152124226,-47.420319824193484,50.99444484271833,-10461.803340000006,108477.40090276784
2025-10-22 08:23:47.543860+00:00,2.2852,8800924037.4169,2.445e-05,108123.24,108591.98408388955,109259.42666212285,39.46700057399481,-500.7371269134019,-532.6486583041637,500.4002453929764,48.046732384081984,44.21945747246948,109039.59279027322,108325.777,107611.96120972678,-51.953267615918016,-39.113364500706304,45.331801529873275,-11247.244779999999,108400.86867222567
2025-10-22 08:53:59.173476+00:00,2.308,8802555197.3716,2.445e-05,108231.55,108557.659886316,109220.27983009108,41.39662764124542,-468.08416891784873,-519.772414448724,481.4834460044467,58.18612445118462,55.6413688943808,108842.86895651171,108274.0265,107705.1840434883,-41.81387554881538,-11.329945007960191,44.990610480129185,-11514.289460000002,108268.39119900172
2025-10-22 09:24:12.327281+00:00,2.3069,8780180190.7936,2.445e-05,108023.29,108506.75886689799,109169.82231159942,38.83380831950562,-453.6686715853866,-506.4407395349497,476.2258974043207,40.164627450217345,48.79916142849464,108573.65592642961,108212.657,107851.6580735704,-59.835372549782655,-71.9835331174881,40.315987564677,-11266.21029,108216.47412381941
2025-10-22 09:54:23.944136+00:00,2.3146,8794176862.8568,2.445e-05,107989.75,108457.52391349485,109125.16576784788,38.419897239356935,-439.99415221788513,-493.20254600178936,477.97172281560375,36.905120555107246,45.0852908188364,108523.52739246147,108184.77900000001,107846.03060753855,-63.094879444892754,-86.11476430761111,40.30838275866332,-11977.38314,108170.90772855641
2025-10-22 10:24:35.622227+00:00,2.319,8817482179.88,2.445e-05,107926.32,108406.92580199415,109075.19928830428,37.60708740908001,-429.21888738527196,-480.31267218236167,462.6131196328096,30.74082352598231,35.936857177102304,108518.34679155378,108166.1075,107813.86820844622,-69.25917647401769,-101.42712665810161,43.465144917994195,-11434.927310000001,108151.75478465823
2025-10-22 10:54:47.302968+00:00,2.3102,8793348307.8592,2.445e-05,107751.65,108344.5052259003,109017.86459195254,35.38577826704187,-429.74632676364854,-470.02810271023316,451.17770775396855,13.765925810745824,27.13728996394512,108543.81188529193,108148.196,107752.58011470806,-86.23407418925417,-154.29950757798107,37.675540877130096,-10602.24392,108148.60008125725
2025-10-22 11:24:58.987591+00:00,2.2237,8722155675.766764,2.445e-05,107958.05,108307.70733424011,108979.29899116319,39.90544878265164,-408.98569774458883,-457.9141149538948,526.0710093684345,64.7329359180863,36.41322841827148,108544.67761857649,108140.706,107736.73438142352,-35.2670640819137,-194.7612647841711,24.474933540676687,-9663.898840000002,108030.76367997575
2025-10-22 11:55:11.654948+00:00,2.2616,8678666539.499474,2.445e-05,107520.0,108232.69011614128,108923.09945439093,34.40178685567564,-422.96618318994297,-450.9569502035994,534.6776903124344,42.045566368519005,40.18147603245038,108588.65238167255,108105.26100000001,107621.86961832747,-57.954433631480995,-167.88570150906634,19.135708471030938,-10505.84296,107997.263413122
2025-10-22 12:25:23.293535+00:00,2.3124,8845276855.329262,2.445e-05,107975.87,108208.21806843954,108880.67195754926,43.18522042751257,-392.5809993594885,-439.11517709057034,542.9115387810175,76.8026996570903,61.193733981231865,108538.29055125342,108080.94350000001,107623.5964487466,-23.197300342909706,-82.62670956259255,24.991100878733704,-9487.651520000003,107975.72495152493
2025-10-22 12:55:35.463112+00:00,2.3625,8840527745.504,2.445e-05,108085.39,108196.52371844764,108850.93242418322,45.08626474581523,-355.71136071754154,-422.48008699062734,537.8055553446544,81.45219479305904,66.76682027288945,108517.48766747095,108070.5615,107623.63533252904,-18.547805206940968,30.420529278941736,33.40300281002905,-9554.78388,107971.15943405901
2025-10-22 13:25:47.089422+00:00,2.3727,8880098496.9312,2.445e-05,108220.43,108198.80977597066,108829.9754685445,47.421165828025394,-312.0619330014597,-400.5153277030669,533.3991619043585,88.76217196588588,82.3390221386784,108531.50704467557,108085.46599999999,107639.4249553244,-11.23782803411412,46.07587700328294,34.88602605735514,-9736.643209999998,107979.2743052372
2025-10-22 13:28:11.573765+00:00,2.3715,8879084103.22957,2.445e-05,108143.55,108184.75808399505,108809.24724015212,46.19410055040493,-314.05119024476153,-389.19171893505484,547.0211918292995,84.24966690340518,80.18987237899626,108569.91338966068,108089.00249999999,107608.0916103393,-15.750333096594813,35.72860710918807,43.27543594818652,-6770.875489999998,107983.67540521456
2025-10-22 13:58:12.839674+00:00,2.3557,8881545686.4288,2.445e-05,108647.63,108228.84321041233,108803.75778627777,54.41435979214666,-240.5991996331577,-359.49997805376285,585.8735942301695,96.3567801746837,86.55583146019387,108647.79679316176,108110.58300000001,107573.36920683827,-3.643219825316292,90.70543983778427,53.98925875391771,-5830.801479999998,108017.2470265335
